date,year,quarter,duration,ue
1995q4,1995,4,0,.39833212
1996q1,1996,1,0,.39279976
1996q2,1996,2,0,.38004732
1996q3,1996,3,0,.41851696
1996q4,1996,4,0,.40369141
1997q1,1997,1,0,.41059926
1997q2,1997,2,0,.4219282
1997q3,1997,3,0,.40049255
1997q4,1997,4,0,.43215206
1998q1,1998,1,0,.4052369
1998q2,1998,2,0,.4307574
1998q3,1998,3,0,.41794693
1998q4,1998,4,0,.41379339
1999q1,1999,1,0,.43059334
1999q2,1999,2,0,.41393766
1999q3,1999,3,0,.42642713
1999q4,1999,4,0,.44545192
2000q1,2000,1,0,.42350358
2000q2,2000,2,0,.4176904
2000q3,2000,3,0,.4301458
2000q4,2000,4,0,.41874677
2001q1,2001,1,0,.42709702
2001q2,2001,2,0,.42565048
2001q3,2001,3,0,.41018897
2001q4,2001,4,0,.37433565
2002q1,2002,1,0,.37040973
2002q2,2002,2,0,.35333386
2002q3,2002,3,0,.37233666
2002q4,2002,4,0,.35148519
2003q1,2003,1,0,.33252868
2003q2,2003,2,0,.36741048
2003q3,2003,3,0,.35974568
2003q4,2003,4,0,.36760744
2004q1,2004,1,0,.3547416
2004q2,2004,2,0,.36463687
2004q3,2004,3,0,.40130892
2004q4,2004,4,0,.38272896
2005q1,2005,1,0,.37394494
2005q2,2005,2,0,.36066797
2005q3,2005,3,0,.36984819
2005q4,2005,4,0,.38995773
2006q1,2006,1,0,.40948868
2006q2,2006,2,0,.38056067
2006q3,2006,3,0,.40075624
2006q4,2006,4,0,.40242147
2007q1,2007,1,0,.42088926
2007q2,2007,2,0,.3819623
2007q3,2007,3,0,.37546635
2007q4,2007,4,0,.40025404
2008q1,2008,1,0,.39501891
2008q2,2008,2,0,.36651766
2008q3,2008,3,0,.35252166
2008q4,2008,4,0,.34179798
2009q1,2009,1,0,.30097196
2009q2,2009,2,0,.30558449
2009q3,2009,3,0,.31947818
2009q4,2009,4,0,.3278566
2010q1,2010,1,0,.33311266
2010q2,2010,2,0,.33035663
2010q3,2010,3,0,.32415006
2010q4,2010,4,0,.31859779
2011q1,2011,1,0,.33408338
2011q2,2011,2,0,.33185059
2011q3,2011,3,0,.31330702
2011q4,2011,4,0,.34003228
2012q1,2012,1,0,.34924084
2012q2,2012,2,0,.33140713
2012q3,2012,3,0,.32709828
2012q4,2012,4,0,.29736251
2013q1,2013,1,0,.34608069
2013q2,2013,2,0,.3334952
2013q3,2013,3,0,.34285942
2013q4,2013,4,0,.35731879
2014q1,2014,1,0,.36658069
2014q2,2014,2,0,.38089198
2014q3,2014,3,0,.35801393
2014q4,2014,4,0,.37457681
2015q1,2015,1,0,.3703495
2015q2,2015,2,0,.37803176
2015q3,2015,3,0,.35360569
2015q4,2015,4,0,.38580254
2016q1,2016,1,0,.35955518
2016q2,2016,2,0,.37346327
2016q3,2016,3,0,.3555299
2016q4,2016,4,0,.36650965
2017q1,2017,1,0,.38113528
2017q2,2017,2,0,.39887199
2017q3,2017,3,0,.39964774
2017q4,2017,4,0,.38814896
2018q1,2018,1,0,.38858056
2018q2,2018,2,0,.39793625
2018q3,2018,3,0,.40469337
2018q4,2018,4,0,.38870606
1995q4,1995,4,1,.26220775
1996q1,1996,1,1,.30482551
1996q2,1996,2,1,.28006029
1996q3,1996,3,1,.24904749
1996q4,1996,4,1,.29190576
1997q1,1997,1,1,.31829205
1997q2,1997,2,1,.32271647
1997q3,1997,3,1,.26815403
1997q4,1997,4,1,.31699115
1998q1,1998,1,1,.31858477
1998q2,1998,2,1,.30424216
1998q3,1998,3,1,.29405314
1998q4,1998,4,1,.33429685
1999q1,1999,1,1,.28499031
1999q2,1999,2,1,.32338274
1999q3,1999,3,1,.31238994
1999q4,1999,4,1,.29761165
2000q1,2000,1,1,.3599835
2000q2,2000,2,1,.29929143
2000q3,2000,3,1,.2985526
2000q4,2000,4,1,.29229912
2001q1,2001,1,1,.3198882
2001q2,2001,2,1,.32413805
2001q3,2001,3,1,.28038815
2001q4,2001,4,1,.29613155
2002q1,2002,1,1,.28491944
2002q2,2002,2,1,.24303995
2002q3,2002,3,1,.25721133
2002q4,2002,4,1,.25946093
2003q1,2003,1,1,.26010805
2003q2,2003,2,1,.25616488
2003q3,2003,3,1,.25510329
2003q4,2003,4,1,.26212817
2004q1,2004,1,1,.26738119
2004q2,2004,2,1,.26130015
2004q3,2004,3,1,.28510997
2004q4,2004,4,1,.28821394
2005q1,2005,1,1,.29034063
2005q2,2005,2,1,.25779632
2005q3,2005,3,1,.27209869
2005q4,2005,4,1,.26038429
2006q1,2006,1,1,.26901215
2006q2,2006,2,1,.29609343
2006q3,2006,3,1,.30557218
2006q4,2006,4,1,.2984671
2007q1,2007,1,1,.31034562
2007q2,2007,2,1,.27961206
2007q3,2007,3,1,.29387981
2007q4,2007,4,1,.27848125
2008q1,2008,1,1,.26425153
2008q2,2008,2,1,.26924101
2008q3,2008,3,1,.26099002
2008q4,2008,4,1,.25330418
2009q1,2009,1,1,.20557868
2009q2,2009,2,1,.20961618
2009q3,2009,3,1,.22172518
2009q4,2009,4,1,.20300363
2010q1,2010,1,1,.20891026
2010q2,2010,2,1,.23833044
2010q3,2010,3,1,.20782493
2010q4,2010,4,1,.22465003
2011q1,2011,1,1,.21862912
2011q2,2011,2,1,.22265393
2011q3,2011,3,1,.21903551
2011q4,2011,4,1,.19534762
2012q1,2012,1,1,.22513312
2012q2,2012,2,1,.22874136
2012q3,2012,3,1,.22145455
2012q4,2012,4,1,.20139523
2013q1,2013,1,1,.2158929
2013q2,2013,2,1,.2419886
2013q3,2013,3,1,.23712401
2013q4,2013,4,1,.24357611
2014q1,2014,1,1,.24013939
2014q2,2014,2,1,.24188757
2014q3,2014,3,1,.24622984
2014q4,2014,4,1,.2918222
2015q1,2015,1,1,.25139701
2015q2,2015,2,1,.28041074
2015q3,2015,3,1,.28354791
2015q4,2015,4,1,.27254385
2016q1,2016,1,1,.23828192
2016q2,2016,2,1,.26324335
2016q3,2016,3,1,.29063928
2016q4,2016,4,1,.26898152
2017q1,2017,1,1,.28175968
2017q2,2017,2,1,.2688989
2017q3,2017,3,1,.28149125
2017q4,2017,4,1,.27975875
2018q1,2018,1,1,.30272144
2018q2,2018,2,1,.23685616
2018q3,2018,3,1,.30208233
2018q4,2018,4,1,.29586199
1995q4,1995,4,2,.26358303
1996q1,1996,1,2,.25474983
1996q2,1996,2,2,.27633476
1996q3,1996,3,2,.24570295
1996q4,1996,4,2,.2621274
1997q1,1997,1,2,.26733693
1997q2,1997,2,2,.24465378
1997q3,1997,3,2,.26957175
1997q4,1997,4,2,.27734536
1998q1,1998,1,2,.26167768
1998q2,1998,2,2,.29014432
1998q3,1998,3,2,.27029103
1998q4,1998,4,2,.27974635
1999q1,1999,1,2,.30979705
1999q2,1999,2,2,.23824906
1999q3,1999,3,2,.29111794
1999q4,1999,4,2,.29842845
2000q1,2000,1,2,.33239803
2000q2,2000,2,2,.28183827
2000q3,2000,3,2,.24946915
2000q4,2000,4,2,.31455147
2001q1,2001,1,2,.26126689
2001q2,2001,2,2,.27908242
2001q3,2001,3,2,.24248825
2001q4,2001,4,2,.27008793
2002q1,2002,1,2,.24191703
2002q2,2002,2,2,.22612973
2002q3,2002,3,2,.24713309
2002q4,2002,4,2,.22583105
2003q1,2003,1,2,.21270238
2003q2,2003,2,2,.20694773
2003q3,2003,3,2,.23627219
2003q4,2003,4,2,.25106403
2004q1,2004,1,2,.2348913
2004q2,2004,2,2,.23843975
2004q3,2004,3,2,.2350021
2004q4,2004,4,2,.26248395
2005q1,2005,1,2,.22400819
2005q2,2005,2,2,.26784995
2005q3,2005,3,2,.2361781
2005q4,2005,4,2,.22443174
2006q1,2006,1,2,.23578613
2006q2,2006,2,2,.25038698
2006q3,2006,3,2,.23286858
2006q4,2006,4,2,.2957916
2007q1,2007,1,2,.28435421
2007q2,2007,2,2,.25295743
2007q3,2007,3,2,.24263281
2007q4,2007,4,2,.22485386
2008q1,2008,1,2,.25786409
2008q2,2008,2,2,.26720795
2008q3,2008,3,2,.23231602
2008q4,2008,4,2,.18801953
2009q1,2009,1,2,.18169424
2009q2,2009,2,2,.16373992
2009q3,2009,3,2,.18318686
2009q4,2009,4,2,.1840739
2010q1,2010,1,2,.19133355
2010q2,2010,2,2,.18295792
2010q3,2010,3,2,.21328977
2010q4,2010,4,2,.22011398
2011q1,2011,1,2,.19017096
2011q2,2011,2,2,.21827275
2011q3,2011,3,2,.20669742
2011q4,2011,4,2,.18177718
2012q1,2012,1,2,.21325217
2012q2,2012,2,2,.20966646
2012q3,2012,3,2,.23283128
2012q4,2012,4,2,.1897943
2013q1,2013,1,2,.20223482
2013q2,2013,2,2,.20726936
2013q3,2013,3,2,.21650468
2013q4,2013,4,2,.18061329
2014q1,2014,1,2,.23257455
2014q2,2014,2,2,.23203893
2014q3,2014,3,2,.21519595
2014q4,2014,4,2,.24314825
2015q1,2015,1,2,.22090812
2015q2,2015,2,2,.21260841
2015q3,2015,3,2,.22661252
2015q4,2015,4,2,.28205729
2016q1,2016,1,2,.23350979
2016q2,2016,2,2,.23709171
2016q3,2016,3,2,.20016177
2016q4,2016,4,2,.23347591
2017q1,2017,1,2,.26989251
2017q2,2017,2,2,.27033395
2017q3,2017,3,2,.278642
2017q4,2017,4,2,.22594945
2018q1,2018,1,2,.25842413
2018q2,2018,2,2,.24831365
2018q3,2018,3,2,.27330238
2018q4,2018,4,2,.245426
1995q4,1995,4,3,.20483314
1996q1,1996,1,3,.15461476
1996q2,1996,2,3,.2445821
1996q3,1996,3,3,.25649247
1996q4,1996,4,3,.24418287
1997q1,1997,1,3,.21680813
1997q2,1997,2,3,.23570669
1997q3,1997,3,3,.21484844
1997q4,1997,4,3,.24022017
1998q1,1998,1,3,.25406936
1998q2,1998,2,3,.21333295
1998q3,1998,3,3,.28517291
1998q4,1998,4,3,.25240853
1999q1,1999,1,3,.25728303
1999q2,1999,2,3,.24024881
1999q3,1999,3,3,.21496007
1999q4,1999,4,3,.28823873
2000q1,2000,1,3,.25998744
2000q2,2000,2,3,.23331134
2000q3,2000,3,3,.23823074
2000q4,2000,4,3,.24439429
2001q1,2001,1,3,.2208007
2001q2,2001,2,3,.22328877
2001q3,2001,3,3,.1949275
2001q4,2001,4,3,.22200377
2002q1,2002,1,3,.2248987
2002q2,2002,2,3,.20968363
2002q3,2002,3,3,.2140851
2002q4,2002,4,3,.22706574
2003q1,2003,1,3,.19500804
2003q2,2003,2,3,.22118038
2003q3,2003,3,3,.19517589
2003q4,2003,4,3,.23085256
2004q1,2004,1,3,.18669656
2004q2,2004,2,3,.21192844
2004q3,2004,3,3,.24338581
2004q4,2004,4,3,.20192383
2005q1,2005,1,3,.21132764
2005q2,2005,2,3,.25999135
2005q3,2005,3,3,.24663652
2005q4,2005,4,3,.2322911
2006q1,2006,1,3,.2433212
2006q2,2006,2,3,.22452958
2006q3,2006,3,3,.23898034
2006q4,2006,4,3,.26275533
2007q1,2007,1,3,.24881385
2007q2,2007,2,3,.1949656
2007q3,2007,3,3,.21899226
2007q4,2007,4,3,.24820805
2008q1,2008,1,3,.22438985
2008q2,2008,2,3,.20283611
2008q3,2008,3,3,.17787905
2008q4,2008,4,3,.17892863
2009q1,2009,1,3,.15389954
2009q2,2009,2,3,.15159224
2009q3,2009,3,3,.14372911
2009q4,2009,4,3,.14519188
2010q1,2010,1,3,.15930556
2010q2,2010,2,3,.17725125
2010q3,2010,3,3,.16556458
2010q4,2010,4,3,.18029246
2011q1,2011,1,3,.16335247
2011q2,2011,2,3,.16590127
2011q3,2011,3,3,.16391687
2011q4,2011,4,3,.18464574
2012q1,2012,1,3,.19563244
2012q2,2012,2,3,.18282558
2012q3,2012,3,3,.16644877
2012q4,2012,4,3,.18697019
2013q1,2013,1,3,.20901363
2013q2,2013,2,3,.17544931
2013q3,2013,3,3,.16506946
2013q4,2013,4,3,.1546206
2014q1,2014,1,3,.21161135
2014q2,2014,2,3,.19006717
2014q3,2014,3,3,.18404876
2014q4,2014,4,3,.20654029
2015q1,2015,1,3,.2391182
2015q2,2015,2,3,.22640015
2015q3,2015,3,3,.25884205
2015q4,2015,4,3,.16332397
2016q1,2016,1,3,.17815749
2016q2,2016,2,3,.22160979
2016q3,2016,3,3,.21343333
2016q4,2016,4,3,.19201566
2017q1,2017,1,3,.22683112
2017q2,2017,2,3,.24849136
2017q3,2017,3,3,.25422567
2017q4,2017,4,3,.27048191
2018q1,2018,1,3,.28275588
2018q2,2018,2,3,.24115118
2018q3,2018,3,3,.26356497
2018q4,2018,4,3,.25068048
1995q4,1995,4,4,.22532263
1996q1,1996,1,4,.19575004
1996q2,1996,2,4,.20824662
1996q3,1996,3,4,.22623812
1996q4,1996,4,4,.2963163
1997q1,1997,1,4,.23931658
1997q2,1997,2,4,.18725336
1997q3,1997,3,4,.21380703
1997q4,1997,4,4,.18324883
1998q1,1998,1,4,.26502356
1998q2,1998,2,4,.32049635
1998q3,1998,3,4,.23430489
1998q4,1998,4,4,.21379651
1999q1,1999,1,4,.21559356
1999q2,1999,2,4,.21041538
1999q3,1999,3,4,.29427505
1999q4,1999,4,4,.28150466
2000q1,2000,1,4,.29611802
2000q2,2000,2,4,.20584418
2000q3,2000,3,4,.22164656
2000q4,2000,4,4,.13025917
2001q1,2001,1,4,.24420984
2001q2,2001,2,4,.17760879
2001q3,2001,3,4,.22915123
2001q4,2001,4,4,.18219244
2002q1,2002,1,4,.19049768
2002q2,2002,2,4,.12051609
2002q3,2002,3,4,.20747365
2002q4,2002,4,4,.20551316
2003q1,2003,1,4,.18996565
2003q2,2003,2,4,.17344411
2003q3,2003,3,4,.16910432
2003q4,2003,4,4,.1708419
2004q1,2004,1,4,.15676588
2004q2,2004,2,4,.18813188
2004q3,2004,3,4,.23909485
2004q4,2004,4,4,.21573666
2005q1,2005,1,4,.16697147
2005q2,2005,2,4,.25403625
2005q3,2005,3,4,.18548235
2005q4,2005,4,4,.2187697
2006q1,2006,1,4,.18461861
2006q2,2006,2,4,.27818203
2006q3,2006,3,4,.24414562
2006q4,2006,4,4,.15944895
2007q1,2007,1,4,.22811809
2007q2,2007,2,4,.24024624
2007q3,2007,3,4,.16160177
2007q4,2007,4,4,.18155275
2008q1,2008,1,4,.25477231
2008q2,2008,2,4,.17428136
2008q3,2008,3,4,.20638855
2008q4,2008,4,4,.24990904
2009q1,2009,1,4,.16976435
2009q2,2009,2,4,.12958802
2009q3,2009,3,4,.15226036
2009q4,2009,4,4,.14970036
2010q1,2010,1,4,.13881168
2010q2,2010,2,4,.14400586
2010q3,2010,3,4,.14364481
2010q4,2010,4,4,.14861588
2011q1,2011,1,4,.12550449
2011q2,2011,2,4,.15881005
2011q3,2011,3,4,.15776715
2011q4,2011,4,4,.16851126
2012q1,2012,1,4,.1359631
2012q2,2012,2,4,.15298089
2012q3,2012,3,4,.14088568
2012q4,2012,4,4,.15969206
2013q1,2013,1,4,.12719263
2013q2,2013,2,4,.17376229
2013q3,2013,3,4,.17547207
2013q4,2013,4,4,.19596365
2014q1,2014,1,4,.16979685
2014q2,2014,2,4,.20073327
2014q3,2014,3,4,.11697347
2014q4,2014,4,4,.24624649
2015q1,2015,1,4,.14390883
2015q2,2015,2,4,.2326535
2015q3,2015,3,4,.11976451
2015q4,2015,4,4,.2606824
2016q1,2016,1,4,.22468658
2016q2,2016,2,4,.19057813
2016q3,2016,3,4,.20464399
2016q4,2016,4,4,.21888611
2017q1,2017,1,4,.28157014
2017q2,2017,2,4,.24636312
2017q3,2017,3,4,.21323138
2017q4,2017,4,4,.18536946
2018q1,2018,1,4,.25404942
2018q2,2018,2,4,.17037944
2018q3,2018,3,4,.3090474
2018q4,2018,4,4,.1994592
1995q4,1995,4,5,.20254073
1996q1,1996,1,5,.25778079
1996q2,1996,2,5,.2266257
1996q3,1996,3,5,.21373834
1996q4,1996,4,5,.21612169
1997q1,1997,1,5,.25817904
1997q2,1997,2,5,.22651047
1997q3,1997,3,5,.22750494
1997q4,1997,4,5,.28622076
1998q1,1998,1,5,.19099081
1998q2,1998,2,5,.24780138
1998q3,1998,3,5,.24631695
1998q4,1998,4,5,.38779777
1999q1,1999,1,5,.21874079
1999q2,1999,2,5,.19004789
1999q3,1999,3,5,.369032
1999q4,1999,4,5,.19086717
2000q1,2000,1,5,.27983963
2000q2,2000,2,5,.2691696
2000q3,2000,3,5,.21136853
2000q4,2000,4,5,.19900435
2001q1,2001,1,5,.28045422
2001q2,2001,2,5,.23674949
2001q3,2001,3,5,.24519065
2001q4,2001,4,5,.22682145
2002q1,2002,1,5,.24516909
2002q2,2002,2,5,.15489569
2002q3,2002,3,5,.18349418
2002q4,2002,4,5,.18124351
2003q1,2003,1,5,.17363387
2003q2,2003,2,5,.18167531
2003q3,2003,3,5,.20770618
2003q4,2003,4,5,.17245397
2004q1,2004,1,5,.17793137
2004q2,2004,2,5,.22878869
2004q3,2004,3,5,.27595285
2004q4,2004,4,5,.2491852
2005q1,2005,1,5,.19131483
2005q2,2005,2,5,.23354283
2005q3,2005,3,5,.2166298
2005q4,2005,4,5,.18632215
2006q1,2006,1,5,.2170389
2006q2,2006,2,5,.28182173
2006q3,2006,3,5,.2904475
2006q4,2006,4,5,.20373598
2007q1,2007,1,5,.23162434
2007q2,2007,2,5,.22789256
2007q3,2007,3,5,.21412899
2007q4,2007,4,5,.18275458
2008q1,2008,1,5,.24549174
2008q2,2008,2,5,.19244055
2008q3,2008,3,5,.17183469
2008q4,2008,4,5,.13334112
2009q1,2009,1,5,.14605321
2009q2,2009,2,5,.14336027
2009q3,2009,3,5,.16473262
2009q4,2009,4,5,.12388296
2010q1,2010,1,5,.13370074
2010q2,2010,2,5,.15533477
2010q3,2010,3,5,.12906018
2010q4,2010,4,5,.12208064
2011q1,2011,1,5,.13610514
2011q2,2011,2,5,.17094557
2011q3,2011,3,5,.12084063
2011q4,2011,4,5,.19501758
2012q1,2012,1,5,.18696579
2012q2,2012,2,5,.15206838
2012q3,2012,3,5,.16206153
2012q4,2012,4,5,.17527044
2013q1,2013,1,5,.14087293
2013q2,2013,2,5,.17711635
2013q3,2013,3,5,.19659325
2013q4,2013,4,5,.17775503
2014q1,2014,1,5,.19446875
2014q2,2014,2,5,.2022327
2014q3,2014,3,5,.19772431
2014q4,2014,4,5,.1993674
2015q1,2015,1,5,.1807221
2015q2,2015,2,5,.16658667
2015q3,2015,3,5,.17513767
2015q4,2015,4,5,.21047147
2016q1,2016,1,5,.16897345
2016q2,2016,2,5,.1984293
2016q3,2016,3,5,.18034436
2016q4,2016,4,5,.2723867
2017q1,2017,1,5,.25561494
2017q2,2017,2,5,.19678167
2017q3,2017,3,5,.13538751
2017q4,2017,4,5,.25819689
2018q1,2018,1,5,.23936161
2018q2,2018,2,5,.24001998
2018q3,2018,3,5,.17674793
2018q4,2018,4,5,.2722823
1995q4,1995,4,6,.21635814
1996q1,1996,1,6,.17543383
1996q2,1996,2,6,.18823652
1996q3,1996,3,6,.21365465
1996q4,1996,4,6,.15514179
1997q1,1997,1,6,.19186434
1997q2,1997,2,6,.18303359
1997q3,1997,3,6,.23909467
1997q4,1997,4,6,.2560651
1998q1,1998,1,6,.24206567
1998q2,1998,2,6,.25098637
1998q3,1998,3,6,.22900696
1998q4,1998,4,6,.1688658
1999q1,1999,1,6,.29371732
1999q2,1999,2,6,.22842646
1999q3,1999,3,6,.23306511
1999q4,1999,4,6,.23144545
2000q1,2000,1,6,.22847524
2000q2,2000,2,6,.22047794
2000q3,2000,3,6,.19614851
2000q4,2000,4,6,.24254277
2001q1,2001,1,6,.19561757
2001q2,2001,2,6,.2093866
2001q3,2001,3,6,.20050389
2001q4,2001,4,6,.17169657
2002q1,2002,1,6,.23024705
2002q2,2002,2,6,.17728418
2002q3,2002,3,6,.19099209
2002q4,2002,4,6,.15854158
2003q1,2003,1,6,.22094443
2003q2,2003,2,6,.19951245
2003q3,2003,3,6,.14500681
2003q4,2003,4,6,.21702771
2004q1,2004,1,6,.18253872
2004q2,2004,2,6,.23302966
2004q3,2004,3,6,.2101403
2004q4,2004,4,6,.24222085
2005q1,2005,1,6,.21977301
2005q2,2005,2,6,.21891354
2005q3,2005,3,6,.21567
2005q4,2005,4,6,.19630899
2006q1,2006,1,6,.21309814
2006q2,2006,2,6,.20711061
2006q3,2006,3,6,.25278652
2006q4,2006,4,6,.19128199
2007q1,2007,1,6,.25726956
2007q2,2007,2,6,.19527078
2007q3,2007,3,6,.23230278
2007q4,2007,4,6,.21727905
2008q1,2008,1,6,.22380029
2008q2,2008,2,6,.16939679
2008q3,2008,3,6,.15941402
2008q4,2008,4,6,.17268589
2009q1,2009,1,6,.12892573
2009q2,2009,2,6,.10859748
2009q3,2009,3,6,.11036178
2009q4,2009,4,6,.11823611
2010q1,2010,1,6,.14284453
2010q2,2010,2,6,.11929607
2010q3,2010,3,6,.15344197
2010q4,2010,4,6,.13388227
2011q1,2011,1,6,.14380915
2011q2,2011,2,6,.15166613
2011q3,2011,3,6,.14414786
2011q4,2011,4,6,.15328664
2012q1,2012,1,6,.14952901
2012q2,2012,2,6,.15094772
2012q3,2012,3,6,.15801226
2012q4,2012,4,6,.18916662
2013q1,2013,1,6,.11019669
2013q2,2013,2,6,.16222575
2013q3,2013,3,6,.1213218
2013q4,2013,4,6,.18355137
2014q1,2014,1,6,.15390971
2014q2,2014,2,6,.2058122
2014q3,2014,3,6,.19712722
2014q4,2014,4,6,.17757051
2015q1,2015,1,6,.16974282
2015q2,2015,2,6,.20588233
2015q3,2015,3,6,.16134228
2015q4,2015,4,6,.17104372
2016q1,2016,1,6,.17201158
2016q2,2016,2,6,.19387084
2016q3,2016,3,6,.22350903
2016q4,2016,4,6,.19533204
2017q1,2017,1,6,.22924219
2017q2,2017,2,6,.19948897
2017q3,2017,3,6,.24017525
2017q4,2017,4,6,.28832519
2018q1,2018,1,6,.19409552
2018q2,2018,2,6,.24544185
2018q3,2018,3,6,.20436566
2018q4,2018,4,6,.20949867
1995q4,1995,4,7,.20615081
1996q1,1996,1,7,.17298582
1996q2,1996,2,7,.17435738
1996q3,1996,3,7,.26189926
1996q4,1996,4,7,.14071082
1997q1,1997,1,7,.20864013
1997q2,1997,2,7,.14375973
1997q3,1997,3,7,.11324666
1997q4,1997,4,7,.13711584
1998q1,1998,1,7,.25587282
1998q2,1998,2,7,.28960261
1998q3,1998,3,7,.11625419
1998q4,1998,4,7,.29884019
1999q1,1999,1,7,.11771484
1999q2,1999,2,7,.18355209
1999q3,1999,3,7,.31529814
1999q4,1999,4,7,.2145586
2000q1,2000,1,7,.23895778
2000q2,2000,2,7,.065217316
2000q3,2000,3,7,.14523458
2000q4,2000,4,7,.17220169
2001q1,2001,1,7,.18113761
2001q2,2001,2,7,.33581656
2001q3,2001,3,7,.13955173
2001q4,2001,4,7,.21489188
2002q1,2002,1,7,.1654807
2002q2,2002,2,7,.14756684
2002q3,2002,3,7,.13102423
2002q4,2002,4,7,.11915053
2003q1,2003,1,7,.14093815
2003q2,2003,2,7,.10935425
2003q3,2003,3,7,.15736379
2003q4,2003,4,7,.12876482
2004q1,2004,1,7,.13815621
2004q2,2004,2,7,.12358165
2004q3,2004,3,7,.16549087
2004q4,2004,4,7,.27753329
2005q1,2005,1,7,.17175813
2005q2,2005,2,7,.070390582
2005q3,2005,3,7,.37822193
2005q4,2005,4,7,.16933328
2006q1,2006,1,7,.18929005
2006q2,2006,2,7,.19404086
2006q3,2006,3,7,.28574675
2006q4,2006,4,7,.24505597
2007q1,2007,1,7,.21990913
2007q2,2007,2,7,.19562964
2007q3,2007,3,7,.12331013
2007q4,2007,4,7,.061134148
2008q1,2008,1,7,.17493293
2008q2,2008,2,7,.12468594
2008q3,2008,3,7,.1121133
2008q4,2008,4,7,.16699058
2009q1,2009,1,7,.095913649
2009q2,2009,2,7,.089730911
2009q3,2009,3,7,.12271676
2009q4,2009,4,7,.12969482
2010q1,2010,1,7,.081849553
2010q2,2010,2,7,.13139713
2010q3,2010,3,7,.13823324
2010q4,2010,4,7,.086756423
2011q1,2011,1,7,.087276146
2011q2,2011,2,7,.18683702
2011q3,2011,3,7,.086553402
2011q4,2011,4,7,.11271542
2012q1,2012,1,7,.10991891
2012q2,2012,2,7,.084309518
2012q3,2012,3,7,.115642
2012q4,2012,4,7,.059131898
2013q1,2013,1,7,.10634071
2013q2,2013,2,7,.13780811
2013q3,2013,3,7,.17493337
2013q4,2013,4,7,.15892327
2014q1,2014,1,7,.14204985
2014q2,2014,2,7,.19347221
2014q3,2014,3,7,.18851206
2014q4,2014,4,7,.28058168
2015q1,2015,1,7,.15706949
2015q2,2015,2,7,.17754284
2015q3,2015,3,7,.17233881
2015q4,2015,4,7,.14441925
2016q1,2016,1,7,.13185284
2016q2,2016,2,7,.22992073
2016q3,2016,3,7,.16493019
2016q4,2016,4,7,.12159747
2017q1,2017,1,7,.17794695
2017q2,2017,2,7,.17785746
2017q3,2017,3,7,.063271984
2017q4,2017,4,7,.10522429
2018q1,2018,1,7,.24691552
2018q2,2018,2,7,.12991159
2018q3,2018,3,7,.08644826
2018q4,2018,4,7,.272259
1995q4,1995,4,8,.2647872
1996q1,1996,1,8,.1206793
1996q2,1996,2,8,.15057006
1996q3,1996,3,8,.21441463
1996q4,1996,4,8,.23782973
1997q1,1997,1,8,.24569842
1997q2,1997,2,8,.27677733
1997q3,1997,3,8,.18521884
1997q4,1997,4,8,.25470939
1998q1,1998,1,8,.19818722
1998q2,1998,2,8,.15539667
1998q3,1998,3,8,.14165781
1998q4,1998,4,8,.2218412
1999q1,1999,1,8,.17738076
1999q2,1999,2,8,.20757288
1999q3,1999,3,8,.24606025
1999q4,1999,4,8,.086453922
2000q1,2000,1,8,.2322423
2000q2,2000,2,8,.22742112
2000q3,2000,3,8,.232704
2000q4,2000,4,8,.17734095
2001q1,2001,1,8,.20951807
2001q2,2001,2,8,.21572897
2001q3,2001,3,8,.16004966
2001q4,2001,4,8,.23102839
2002q1,2002,1,8,.24876368
2002q2,2002,2,8,.16898666
2002q3,2002,3,8,.21456413
2002q4,2002,4,8,.17982163
2003q1,2003,1,8,.16169226
2003q2,2003,2,8,.092509955
2003q3,2003,3,8,.13754077
2003q4,2003,4,8,.2150512
2004q1,2004,1,8,.21508983
2004q2,2004,2,8,.1902577
2004q3,2004,3,8,.20667326
2004q4,2004,4,8,.15185544
2005q1,2005,1,8,.2065966
2005q2,2005,2,8,.405251
2005q3,2005,3,8,.28535637
2005q4,2005,4,8,.18545295
2006q1,2006,1,8,.21258049
2006q2,2006,2,8,.20666519
2006q3,2006,3,8,.1816566
2006q4,2006,4,8,.21688992
2007q1,2007,1,8,.20557387
2007q2,2007,2,8,.17184311
2007q3,2007,3,8,.16194749
2007q4,2007,4,8,.17238581
2008q1,2008,1,8,.2133493
2008q2,2008,2,8,.27218342
2008q3,2008,3,8,.15219687
2008q4,2008,4,8,.12386399
2009q1,2009,1,8,.097935304
2009q2,2009,2,8,.10591595
2009q3,2009,3,8,.125835
2009q4,2009,4,8,.10809103
2010q1,2010,1,8,.10994039
2010q2,2010,2,8,.17199774
2010q3,2010,3,8,.15909776
2010q4,2010,4,8,.12211814
2011q1,2011,1,8,.14594358
2011q2,2011,2,8,.1134748
2011q3,2011,3,8,.12619933
2011q4,2011,4,8,.16468613
2012q1,2012,1,8,.16031
2012q2,2012,2,8,.14012608
2012q3,2012,3,8,.10419266
2012q4,2012,4,8,.14368901
2013q1,2013,1,8,.13180445
2013q2,2013,2,8,.18402693
2013q3,2013,3,8,.18548393
2013q4,2013,4,8,.20373373
2014q1,2014,1,8,.12528086
2014q2,2014,2,8,.12858608
2014q3,2014,3,8,.15415823
2014q4,2014,4,8,.20596433
2015q1,2015,1,8,.19072852
2015q2,2015,2,8,.15099978
2015q3,2015,3,8,.14425626
2015q4,2015,4,8,.15730986
2016q1,2016,1,8,.13777985
2016q2,2016,2,8,.20089841
2016q3,2016,3,8,.22262166
2016q4,2016,4,8,.13745598
2017q1,2017,1,8,.17954937
2017q2,2017,2,8,.13250928
2017q3,2017,3,8,.26716706
2017q4,2017,4,8,.15344323
2018q1,2018,1,8,.28733665
2018q2,2018,2,8,.14585291
2018q3,2018,3,8,.1519118
2018q4,2018,4,8,.20634662
1995q4,1995,4,9,.091374315
1996q1,1996,1,9,.17387807
1996q2,1996,2,9,.21201444
1996q3,1996,3,9,.21726933
1996q4,1996,4,9,.19272465
1997q1,1997,1,9,.16927862
1997q2,1997,2,9,.20659748
1997q3,1997,3,9,.17454217
1997q4,1997,4,9,.13237011
1998q1,1998,1,9,.25026518
1998q2,1998,2,9,.25398445
1998q3,1998,3,9,.23966087
1998q4,1998,4,9,.21511602
1999q1,1999,1,9,.12612195
1999q2,1999,2,9,.3118386
1999q3,1999,3,9,.1841284
1999q4,1999,4,9,.049415912
2000q1,2000,1,9,.30759716
2000q2,2000,2,9,.27684644
2000q3,2000,3,9,.28501874
2000q4,2000,4,9,.24629931
2001q1,2001,1,9,.16460955
2001q2,2001,2,9,.17484082
2001q3,2001,3,9,.22048181
2001q4,2001,4,9,.15949017
2002q1,2002,1,9,.19687583
2002q2,2002,2,9,.18238491
2002q3,2002,3,9,.12411589
2002q4,2002,4,9,.17818239
2003q1,2003,1,9,.16736461
2003q2,2003,2,9,.17941599
2003q3,2003,3,9,.1442806
2003q4,2003,4,9,.17563677
2004q1,2004,1,9,.17877649
2004q2,2004,2,9,.16667403
2004q3,2004,3,9,.15180643
2004q4,2004,4,9,.19435284
2005q1,2005,1,9,.13459185
2005q2,2005,2,9,.2113764
2005q3,2005,3,9,.11075274
2005q4,2005,4,9,.2286697
2006q1,2006,1,9,.18937226
2006q2,2006,2,9,.16191545
2006q3,2006,3,9,.24461508
2006q4,2006,4,9,.21040271
2007q1,2007,1,9,.18072827
2007q2,2007,2,9,.23020792
2007q3,2007,3,9,.1687112
2007q4,2007,4,9,.21860202
2008q1,2008,1,9,.20645586
2008q2,2008,2,9,.11948261
2008q3,2008,3,9,.17128146
2008q4,2008,4,9,.17891656
2009q1,2009,1,9,.088111684
2009q2,2009,2,9,.11005831
2009q3,2009,3,9,.097122699
2009q4,2009,4,9,.099780291
2010q1,2010,1,9,.1037358
2010q2,2010,2,9,.1187275
2010q3,2010,3,9,.13834371
2010q4,2010,4,9,.15026468
2011q1,2011,1,9,.11476055
2011q2,2011,2,9,.11813907
2011q3,2011,3,9,.11377775
2011q4,2011,4,9,.13175772
2012q1,2012,1,9,.11995603
2012q2,2012,2,9,.12053408
2012q3,2012,3,9,.12272455
2012q4,2012,4,9,.15253279
2013q1,2013,1,9,.11417985
2013q2,2013,2,9,.14815998
2013q3,2013,3,9,.15752728
2013q4,2013,4,9,.17566824
2014q1,2014,1,9,.16256654
2014q2,2014,2,9,.093799435
2014q3,2014,3,9,.17145474
2014q4,2014,4,9,.15636182
2015q1,2015,1,9,.14984818
2015q2,2015,2,9,.14757061
2015q3,2015,3,9,.14953177
2015q4,2015,4,9,.16880217
2016q1,2016,1,9,.25304779
2016q2,2016,2,9,.10981041
2016q3,2016,3,9,.18705125
2016q4,2016,4,9,.1906637
2017q1,2017,1,9,.22025765
2017q2,2017,2,9,.16831699
2017q3,2017,3,9,.16662535
2017q4,2017,4,9,.22894667
2018q1,2018,1,9,.16770643
2018q2,2018,2,9,.14462236
2018q3,2018,3,9,.19066805
2018q4,2018,4,9,.10755188
1995q4,1995,4,10,.2240245
1996q1,1996,1,10,.037235413
1996q2,1996,2,10,.23882972
1996q3,1996,3,10,.23808447
1996q4,1996,4,10,.06676849
1997q1,1997,1,10,.047565524
1997q2,1997,2,10,.2669481
1997q3,1997,3,10,.33391213
1997q4,1997,4,10,.1004172
1998q1,1998,1,10,.056665689
1998q2,1998,2,10,.14223874
1998q3,1998,3,10,0
1998q4,1998,4,10,0
1999q1,1999,1,10,.25219798
1999q2,1999,2,10,.12672745
1999q3,1999,3,10,.3173525
1999q4,1999,4,10,.07818877
2000q1,2000,1,10,.39203936
2000q2,2000,2,10,0
2000q3,2000,3,10,0
2000q4,2000,4,10,.42411312
2001q1,2001,1,10,0
2001q2,2001,2,10,.022981999
2001q3,2001,3,10,.19371299
2001q4,2001,4,10,.074837856
2002q1,2002,1,10,.16856839
2002q2,2002,2,10,.17645921
2002q3,2002,3,10,.17585579
2002q4,2002,4,10,.11861144
2003q1,2003,1,10,.11535838
2003q2,2003,2,10,.098766737
2003q3,2003,3,10,.1190648
2003q4,2003,4,10,.10992356
2004q1,2004,1,10,.2146827
2004q2,2004,2,10,.13564733
2004q3,2004,3,10,.15352884
2004q4,2004,4,10,.043796804
2005q1,2005,1,10,.069886893
2005q2,2005,2,10,.034546465
2005q3,2005,3,10,.28543678
2005q4,2005,4,10,.21685363
2006q1,2006,1,10,.18898572
2006q2,2006,2,10,.29449695
2006q3,2006,3,10,.053621672
2006q4,2006,4,10,.15380567
2007q1,2007,1,10,.056465778
2007q2,2007,2,10,.25196728
2007q3,2007,3,10,.20150533
2007q4,2007,4,10,.07807038
2008q1,2008,1,10,.12853074
2008q2,2008,2,10,.054444768
2008q3,2008,3,10,.042821679
2008q4,2008,4,10,.034977425
2009q1,2009,1,10,.11142099
2009q2,2009,2,10,.10162585
2009q3,2009,3,10,.084918648
2009q4,2009,4,10,.14697419
2010q1,2010,1,10,.081159294
2010q2,2010,2,10,.11683755
2010q3,2010,3,10,.05479015
2010q4,2010,4,10,.094652094
2011q1,2011,1,10,.12467082
2011q2,2011,2,10,.098554499
2011q3,2011,3,10,.060235906
2011q4,2011,4,10,.10692696
2012q1,2012,1,10,.063980788
2012q2,2012,2,10,.14170194
2012q3,2012,3,10,.11612195
2012q4,2012,4,10,.080371521
2013q1,2013,1,10,.18669137
2013q2,2013,2,10,.090017058
2013q3,2013,3,10,.093245827
2013q4,2013,4,10,.096463852
2014q1,2014,1,10,.16471654
2014q2,2014,2,10,.18041775
2014q3,2014,3,10,.095444798
2014q4,2014,4,10,.22774024
2015q1,2015,1,10,.021668313
2015q2,2015,2,10,.19953321
2015q3,2015,3,10,.26036114
2015q4,2015,4,10,.1196074
2016q1,2016,1,10,.058591533
2016q2,2016,2,10,.048908785
2016q3,2016,3,10,.093915515
2016q4,2016,4,10,.12146634
2017q1,2017,1,10,.19859044
2017q2,2017,2,10,.11116751
2017q3,2017,3,10,.11657664
2017q4,2017,4,10,.124367
2018q1,2018,1,10,.11003865
2018q2,2018,2,10,.0094783306
2018q3,2018,3,10,.14151445
2018q4,2018,4,10,.36129642
1995q4,1995,4,11,.30806389
1996q1,1996,1,11,.44787818
1996q2,1996,2,11,.252341
1996q3,1996,3,11,.23510812
1996q4,1996,4,11,.1781847
1997q1,1997,1,11,.23296696
1997q2,1997,2,11,.28012219
1997q3,1997,3,11,.17729977
1997q4,1997,4,11,.029343611
1998q1,1998,1,11,.12704919
1998q2,1998,2,11,.14136076
1998q3,1998,3,11,.14483118
1998q4,1998,4,11,.32119402
1999q1,1999,1,11,.19727707
1999q2,1999,2,11,.29976419
1999q3,1999,3,11,.24726202
1999q4,1999,4,11,0
2000q1,2000,1,11,.27988595
2000q2,2000,2,11,.076879755
2000q3,2000,3,11,.21367872
2000q4,2000,4,11,.097715013
2001q1,2001,1,11,.077728733
2001q2,2001,2,11,.3968389
2001q3,2001,3,11,.43309602
2001q4,2001,4,11,.29482523
2002q1,2002,1,11,.19730099
2002q2,2002,2,11,.11142541
2002q3,2002,3,11,.16367149
2002q4,2002,4,11,.23550834
2003q1,2003,1,11,.17095487
2003q2,2003,2,11,.11846767
2003q3,2003,3,11,.21731976
2003q4,2003,4,11,.14607698
2004q1,2004,1,11,.11786687
2004q2,2004,2,11,.12051708
2004q3,2004,3,11,.25525379
2004q4,2004,4,11,.12154263
2005q1,2005,1,11,.026190303
2005q2,2005,2,11,.33738852
2005q3,2005,3,11,.15285747
2005q4,2005,4,11,.18250453
2006q1,2006,1,11,.20609514
2006q2,2006,2,11,.12763073
2006q3,2006,3,11,.19099006
2006q4,2006,4,11,.26330751
2007q1,2007,1,11,.15524276
2007q2,2007,2,11,.095729984
2007q3,2007,3,11,.064170837
2007q4,2007,4,11,.30224565
2008q1,2008,1,11,.17082541
2008q2,2008,2,11,.20196103
2008q3,2008,3,11,.044232748
2008q4,2008,4,11,.090077512
2009q1,2009,1,11,.086986139
2009q2,2009,2,11,.1134294
2009q3,2009,3,11,.13343412
2009q4,2009,4,11,.16488567
2010q1,2010,1,11,.089384645
2010q2,2010,2,11,.10076739
2010q3,2010,3,11,.088426143
2010q4,2010,4,11,.14279786
2011q1,2011,1,11,.13441189
2011q2,2011,2,11,.15003575
2011q3,2011,3,11,.093411617
2011q4,2011,4,11,.13386673
2012q1,2012,1,11,.17426622
2012q2,2012,2,11,.11154862
2012q3,2012,3,11,.12018935
2012q4,2012,4,11,.20467202
2013q1,2013,1,11,.11534183
2013q2,2013,2,11,.14932507
2013q3,2013,3,11,.11312684
2013q4,2013,4,11,.086208723
2014q1,2014,1,11,.13979377
2014q2,2014,2,11,.15641728
2014q3,2014,3,11,.070027642
2014q4,2014,4,11,.082761109
2015q1,2015,1,11,.077424958
2015q2,2015,2,11,.1159121
2015q3,2015,3,11,.15045398
2015q4,2015,4,11,.17273825
2016q1,2016,1,11,.10501765
2016q2,2016,2,11,.086826757
2016q3,2016,3,11,.14489082
2016q4,2016,4,11,.18022497
2017q1,2017,1,11,.35320997
2017q2,2017,2,11,.073618822
2017q3,2017,3,11,.15641005
2017q4,2017,4,11,.024121635
2018q1,2018,1,11,.18391418
2018q2,2018,2,11,.15002255
2018q3,2018,3,11,.26509494
2018q4,2018,4,11,.3250064
1995q4,1995,4,12,.15147474
1996q1,1996,1,12,.16265181
1996q2,1996,2,12,.10100833
1996q3,1996,3,12,.10794974
1996q4,1996,4,12,.16079187
1997q1,1997,1,12,.16550027
1997q2,1997,2,12,.117161
1997q3,1997,3,12,.10223437
1997q4,1997,4,12,.16375604
1998q1,1998,1,12,.1327689
1998q2,1998,2,12,.21644808
1998q3,1998,3,12,.14580446
1998q4,1998,4,12,.19180043
1999q1,1999,1,12,.1470222
1999q2,1999,2,12,.16538632
1999q3,1999,3,12,.16194704
1999q4,1999,4,12,.13750024
2000q1,2000,1,12,.16346332
2000q2,2000,2,12,.20948964
2000q3,2000,3,12,.20586051
2000q4,2000,4,12,.17442837
2001q1,2001,1,12,.1475299
2001q2,2001,2,12,.10216272
2001q3,2001,3,12,.18739188
2001q4,2001,4,12,.10190419
2002q1,2002,1,12,.18096718
2002q2,2002,2,12,.17668219
2002q3,2002,3,12,.14625759
2002q4,2002,4,12,.13727362
2003q1,2003,1,12,.14093095
2003q2,2003,2,12,.13796936
2003q3,2003,3,12,.1445114
2003q4,2003,4,12,.16670275
2004q1,2004,1,12,.12657949
2004q2,2004,2,12,.17319497
2004q3,2004,3,12,.20511048
2004q4,2004,4,12,.12948495
2005q1,2005,1,12,.1862302
2005q2,2005,2,12,.15958939
2005q3,2005,3,12,.13369988
2005q4,2005,4,12,.13969229
2006q1,2006,1,12,.14782485
2006q2,2006,2,12,.14109087
2006q3,2006,3,12,.18891934
2006q4,2006,4,12,.15900245
2007q1,2007,1,12,.1745517
2007q2,2007,2,12,.13517195
2007q3,2007,3,12,.13564099
2007q4,2007,4,12,.1718339
2008q1,2008,1,12,.16316476
2008q2,2008,2,12,.11248828
2008q3,2008,3,12,.10721821
2008q4,2008,4,12,.12041397
2009q1,2009,1,12,.084548071
2009q2,2009,2,12,.12903114
2009q3,2009,3,12,.093804792
2009q4,2009,4,12,.098289855
2010q1,2010,1,12,.098896168
2010q2,2010,2,12,.11462851
2010q3,2010,3,12,.13399605
2010q4,2010,4,12,.10421811
2011q1,2011,1,12,.099316835
2011q2,2011,2,12,.13693678
2011q3,2011,3,12,.12254798
2011q4,2011,4,12,.13919176
2012q1,2012,1,12,.12901685
2012q2,2012,2,12,.10878596
2012q3,2012,3,12,.10301879
2012q4,2012,4,12,.12125764
2013q1,2013,1,12,.13684577
2013q2,2013,2,12,.11726998
2013q3,2013,3,12,.13990737
2013q4,2013,4,12,.08731389
2014q1,2014,1,12,.12548687
2014q2,2014,2,12,.12816921
2014q3,2014,3,12,.1357138
2014q4,2014,4,12,.13811564
2015q1,2015,1,12,.10350805
2015q2,2015,2,12,.16109487
2015q3,2015,3,12,.15583831
2015q4,2015,4,12,.12602307
2016q1,2016,1,12,.14648165
2016q2,2016,2,12,.17300433
2016q3,2016,3,12,.15578078
2016q4,2016,4,12,.18771696
2017q1,2017,1,12,.16423199
2017q2,2017,2,12,.1095252
2017q3,2017,3,12,.12721032
2017q4,2017,4,12,.19618051
2018q1,2018,1,12,.18366456
2018q2,2018,2,12,.18055642
2018q3,2018,3,12,.15506612
2018q4,2018,4,12,.17234619
1995q4,1995,4,13,.014383938
1996q1,1996,1,13,.037751839
1996q2,1996,2,13,.056230742
1996q3,1996,3,13,.097652473
1996q4,1996,4,13,.045174494
1997q1,1997,1,13,.13039324
1997q2,1997,2,13,.17531131
1997q3,1997,3,13,.058248922
1997q4,1997,4,13,.079359524
1998q1,1998,1,13,.50300586
1998q2,1998,2,13,.065426514
1998q3,1998,3,13,.18558803
1998q4,1998,4,13,.11900225
1999q1,1999,1,13,.18551612
1999q2,1999,2,13,.23824203
1999q3,1999,3,13,.088392496
1999q4,1999,4,13,0
2000q1,2000,1,13,.32048205
2000q2,2000,2,13,.16385156
2000q3,2000,3,13,.49810135
2000q4,2000,4,13,.33841258
2001q1,2001,1,13,.095232047
2001q2,2001,2,13,.10888565
2001q3,2001,3,13,.00472548
2001q4,2001,4,13,.37384978
2002q1,2002,1,13,.090124451
2002q2,2002,2,13,.18174462
2002q3,2002,3,13,.10829774
2002q4,2002,4,13,.15166439
2003q1,2003,1,13,.15297054
2003q2,2003,2,13,.16996536
2003q3,2003,3,13,.17872955
2003q4,2003,4,13,.1078274
2004q1,2004,1,13,.062957205
2004q2,2004,2,13,.18011622
2004q3,2004,3,13,.091918647
2004q4,2004,4,13,.11735027
2005q1,2005,1,13,.047872309
2005q2,2005,2,13,.096292883
2005q3,2005,3,13,.14382906
2005q4,2005,4,13,.11044397
2006q1,2006,1,13,.068965755
2006q2,2006,2,13,.22318649
2006q3,2006,3,13,.091060191
2006q4,2006,4,13,.17235717
2007q1,2007,1,13,.3135452
2007q2,2007,2,13,.071283281
2007q3,2007,3,13,.15579872
2007q4,2007,4,13,.098460615
2008q1,2008,1,13,.13060746
2008q2,2008,2,13,.17607304
2008q3,2008,3,13,.20147286
2008q4,2008,4,13,.15849437
2009q1,2009,1,13,.054966133
2009q2,2009,2,13,.1480414
2009q3,2009,3,13,.10294422
2009q4,2009,4,13,.14052708
2010q1,2010,1,13,.064249143
2010q2,2010,2,13,.11544747
2010q3,2010,3,13,.10451108
2010q4,2010,4,13,.11486234
2011q1,2011,1,13,.066299595
2011q2,2011,2,13,.092462137
2011q3,2011,3,13,.047320332
2011q4,2011,4,13,.13739319
2012q1,2012,1,13,.11081595
2012q2,2012,2,13,.039816625
2012q3,2012,3,13,.075499445
2012q4,2012,4,13,.058810547
2013q1,2013,1,13,.093592219
2013q2,2013,2,13,.098056741
2013q3,2013,3,13,.17091414
2013q4,2013,4,13,.18007393
2014q1,2014,1,13,.18071495
2014q2,2014,2,13,.094073042
2014q3,2014,3,13,.11197432
2014q4,2014,4,13,.068628512
2015q1,2015,1,13,.039959405
2015q2,2015,2,13,.032991603
2015q3,2015,3,13,.07890027
2015q4,2015,4,13,.042104475
2016q1,2016,1,13,.069428205
2016q2,2016,2,13,.080645412
2016q3,2016,3,13,.03199444
2016q4,2016,4,13,.11135005
2017q1,2017,1,13,.23501945
2017q2,2017,2,13,.11430429
2017q3,2017,3,13,.19633001
2017q4,2017,4,13,.24003008
2018q1,2018,1,13,.067663252
2018q2,2018,2,13,.10899941
2018q3,2018,3,13,.19929603
2018q4,2018,4,13,.1380517
1995q4,1995,4,14,.083708659
1996q1,1996,1,14,.14378782
1996q2,1996,2,14,.074639022
1996q3,1996,3,14,.082389347
1996q4,1996,4,14,.07830032
1997q1,1997,1,14,0
1997q2,1997,2,14,.042981092
1997q3,1997,3,14,.38651624
1997q4,1997,4,14,.19167756
1998q1,1998,1,14,.036893513
1998q2,1998,2,14,.26627958
1998q3,1998,3,14,.13165677
1998q4,1998,4,14,.22253264
1999q1,1999,1,14,.24664035
1999q2,1999,2,14,0
1999q3,1999,3,14,0
1999q4,1999,4,14,0
2000q1,2000,1,14,.033161689
2000q2,2000,2,14,0
2000q3,2000,3,14,0
2000q4,2000,4,14,.44768003
2001q1,2001,1,14,.61123693
2001q2,2001,2,14,.49756879
2001q3,2001,3,14,0
2001q4,2001,4,14,.12834726
2002q1,2002,1,14,.11260213
2002q2,2002,2,14,.18874985
2002q3,2002,3,14,.14655115
2002q4,2002,4,14,.16565496
2003q1,2003,1,14,.13954589
2003q2,2003,2,14,.34228909
2003q3,2003,3,14,.14767405
2003q4,2003,4,14,.16815355
2004q1,2004,1,14,.035218116
2004q2,2004,2,14,.1286132
2004q3,2004,3,14,.22779872
2004q4,2004,4,14,.064268477
2005q1,2005,1,14,.28345296
2005q2,2005,2,14,.14157492
2005q3,2005,3,14,.25944826
2005q4,2005,4,14,0
2006q1,2006,1,14,.079396211
2006q2,2006,2,14,.056695256
2006q3,2006,3,14,0
2006q4,2006,4,14,.063638441
2007q1,2007,1,14,.025122749
2007q2,2007,2,14,.085518852
2007q3,2007,3,14,.091803923
2007q4,2007,4,14,.071135066
2008q1,2008,1,14,.039827678
2008q2,2008,2,14,.10751715
2008q3,2008,3,14,.19875655
2008q4,2008,4,14,.074022144
2009q1,2009,1,14,.065118961
2009q2,2009,2,14,.088508785
2009q3,2009,3,14,.19755995
2009q4,2009,4,14,.086778842
2010q1,2010,1,14,.14116259
2010q2,2010,2,14,.10998781
2010q3,2010,3,14,.13550361
2010q4,2010,4,14,.12460124
2011q1,2011,1,14,.028718533
2011q2,2011,2,14,.077969611
2011q3,2011,3,14,.037900023
2011q4,2011,4,14,.10826957
2012q1,2012,1,14,.041479081
2012q2,2012,2,14,.13788268
2012q3,2012,3,14,.11688656
2012q4,2012,4,14,.22271028
2013q1,2013,1,14,.067128994
2013q2,2013,2,14,.12390277
2013q3,2013,3,14,.12677042
2013q4,2013,4,14,.2088809
2014q1,2014,1,14,.14228359
2014q2,2014,2,14,.16374588
2014q3,2014,3,14,.088183977
2014q4,2014,4,14,.093555689
2015q1,2015,1,14,.12062041
2015q2,2015,2,14,.048035458
2015q3,2015,3,14,.097023256
2015q4,2015,4,14,.11212768
2016q1,2016,1,14,.020186504
2016q2,2016,2,14,.13011834
2016q3,2016,3,14,.043557059
2016q4,2016,4,14,.1190167
2017q1,2017,1,14,.13486627
2017q2,2017,2,14,.037634846
2017q3,2017,3,14,.081574567
2017q4,2017,4,14,.1336371
2018q1,2018,1,14,.51113892
2018q2,2018,2,14,.24379966
2018q3,2018,3,14,.14601806
2018q4,2018,4,14,.089351274
1995q4,1995,4,15,.19060704
1996q1,1996,1,15,0
1996q2,1996,2,15,.11476883
1996q3,1996,3,15,.088906385
1996q4,1996,4,15,.17527312
1997q1,1997,1,15,.2684097
1997q2,1997,2,15,0
1997q3,1997,3,15,.3807804
1997q4,1997,4,15,.14205535
1998q1,1998,1,15,.28208396
1998q2,1998,2,15,.28639445
1998q3,1998,3,15,.11338478
1998q4,1998,4,15,0
1999q1,1999,1,15,0
1999q2,1999,2,15,.28510535
1999q3,1999,3,15,.38376597
1999q4,1999,4,15,.25780997
2000q1,2000,1,15,.3903929
2000q2,2000,2,15,.45828286
2000q3,2000,3,15,0
2000q4,2000,4,15,.23860815
2001q1,2001,1,15,.32805246
2001q2,2001,2,15,0
2001q3,2001,3,15,0
2001q4,2001,4,15,.077945225
2002q1,2002,1,15,.060511421
2002q2,2002,2,15,.13025387
2002q3,2002,3,15,.083238512
2002q4,2002,4,15,.12440182
2003q1,2003,1,15,.22958468
2003q2,2003,2,15,.1108015
2003q3,2003,3,15,.22836746
2003q4,2003,4,15,.13165711
2004q1,2004,1,15,.39109001
2004q2,2004,2,15,.15699139
2004q3,2004,3,15,.077245563
2004q4,2004,4,15,.11020146
2005q1,2005,1,15,.11516984
2005q2,2005,2,15,.26976255
2005q3,2005,3,15,.17358424
2005q4,2005,4,15,.049281195
2006q1,2006,1,15,.072003499
2006q2,2006,2,15,.23026589
2006q3,2006,3,15,.048855003
2006q4,2006,4,15,.15554854
2007q1,2007,1,15,.24328198
2007q2,2007,2,15,.096236967
2007q3,2007,3,15,0
2007q4,2007,4,15,.14810249
2008q1,2008,1,15,.23453265
2008q2,2008,2,15,.11254709
2008q3,2008,3,15,.31899703
2008q4,2008,4,15,.20669661
2009q1,2009,1,15,.050825123
2009q2,2009,2,15,.074146628
2009q3,2009,3,15,.044924602
2009q4,2009,4,15,.13511452
2010q1,2010,1,15,.057644717
2010q2,2010,2,15,.087279439
2010q3,2010,3,15,.099441722
2010q4,2010,4,15,.10751331
2011q1,2011,1,15,.018814666
2011q2,2011,2,15,.10134088
2011q3,2011,3,15,.12720302
2011q4,2011,4,15,.089753084
2012q1,2012,1,15,.12027442
2012q2,2012,2,15,.082084246
2012q3,2012,3,15,.16641283
2012q4,2012,4,15,.12820828
2013q1,2013,1,15,.13724744
2013q2,2013,2,15,.084524117
2013q3,2013,3,15,.12184172
2013q4,2013,4,15,.093100213
2014q1,2014,1,15,.06425941
2014q2,2014,2,15,.056395475
2014q3,2014,3,15,.16677953
2014q4,2014,4,15,.20832691
2015q1,2015,1,15,0
2015q2,2015,2,15,.15964472
2015q3,2015,3,15,.23908709
2015q4,2015,4,15,.24203563
2016q1,2016,1,15,0
2016q2,2016,2,15,.1815908
2016q3,2016,3,15,.19319557
2016q4,2016,4,15,.092956252
2017q1,2017,1,15,.16218744
2017q2,2017,2,15,.16334113
2017q3,2017,3,15,.12622502
2017q4,2017,4,15,.093900256
2018q1,2018,1,15,.26752052
2018q2,2018,2,15,.13651697
2018q3,2018,3,15,.20296337
2018q4,2018,4,15,.060271293
1995q4,1995,4,16,0
1996q1,1996,1,16,0
1996q2,1996,2,16,.29467958
1996q3,1996,3,16,0
1996q4,1996,4,16,0
1997q1,1997,1,16,0
1997q2,1997,2,16,0
1997q3,1997,3,16,.15131333
1997q4,1997,4,16,0
1998q1,1998,1,16,0
1998q2,1998,2,16,0
1999q1,1999,1,16,0
1999q2,1999,2,16,.26023939
1999q3,1999,3,16,0
1999q4,1999,4,16,0
2000q2,2000,2,16,.81726229
2000q3,2000,3,16,0
2000q4,2000,4,16,0
2001q1,2001,1,16,0
2001q2,2001,2,16,0
2001q4,2001,4,16,0
2002q1,2002,1,16,0
2002q2,2002,2,16,.2453341
2002q3,2002,3,16,0
2002q4,2002,4,16,.26163781
2003q1,2003,1,16,.12633671
2003q2,2003,2,16,0
2003q3,2003,3,16,.072328672
2003q4,2003,4,16,0
2004q1,2004,1,16,0
2004q2,2004,2,16,.27242076
2004q3,2004,3,16,.31429273
2004q4,2004,4,16,0
2005q1,2005,1,16,0
2005q2,2005,2,16,.26399761
2005q3,2005,3,16,.51324928
2005q4,2005,4,16,.096322127
2006q1,2006,1,16,0
2006q2,2006,2,16,.13975504
2006q3,2006,3,16,.85430676
2006q4,2006,4,16,.28060207
2007q1,2007,1,16,.41992173
2007q3,2007,3,16,.031308658
2007q4,2007,4,16,0
2008q1,2008,1,16,.33520594
2008q2,2008,2,16,.061325505
2008q3,2008,3,16,0
2008q4,2008,4,16,.4559814
2009q1,2009,1,16,0
2009q2,2009,2,16,.060095645
2009q3,2009,3,16,.0039416221
2009q4,2009,4,16,.048599202
2010q1,2010,1,16,.1354225
2010q2,2010,2,16,.039092038
2010q3,2010,3,16,.041176237
2010q4,2010,4,16,.10783232
2011q1,2011,1,16,.082050614
2011q2,2011,2,16,.0078509646
2011q3,2011,3,16,.042794932
2011q4,2011,4,16,.19720019
2012q1,2012,1,16,.17206888
2012q2,2012,2,16,.058940612
2012q3,2012,3,16,.15040141
2012q4,2012,4,16,.061191332
2013q1,2013,1,16,.04415125
2013q2,2013,2,16,.023907147
2013q3,2013,3,16,.13883656
2013q4,2013,4,16,0
2014q1,2014,1,16,.24107322
2014q2,2014,2,16,0
2014q3,2014,3,16,.23139992
2014q4,2014,4,16,.011087585
2015q1,2015,1,16,0
2015q2,2015,2,16,.063301258
2015q3,2015,3,16,0
2015q4,2015,4,16,0
2016q1,2016,1,16,0
2016q2,2016,2,16,0
2016q3,2016,3,16,0
2016q4,2016,4,16,0
2017q1,2017,1,16,0
2017q2,2017,2,16,0
2017q4,2017,4,16,0
2018q1,2018,1,16,0
2018q2,2018,2,16,0
2018q3,2018,3,16,0
2018q4,2018,4,16,.42090309
1995q4,1995,4,17,.13227434
1996q1,1996,1,17,.15297645
1996q2,1996,2,17,0
1996q3,1996,3,17,0
1996q4,1996,4,17,0
1997q1,1997,1,17,.1623181
1997q2,1997,2,17,.81866783
1997q3,1997,3,17,0
1997q4,1997,4,17,.088489316
1998q1,1998,1,17,.72133827
1998q2,1998,2,17,0
1998q3,1998,3,17,.22522575
1999q2,1999,2,17,0
1999q3,1999,3,17,0
2000q1,2000,1,17,0
2000q2,2000,2,17,0
2000q3,2000,3,17,0
2000q4,2000,4,17,0
2001q1,2001,1,17,0
2001q2,2001,2,17,0
2001q3,2001,3,17,0
2001q4,2001,4,17,0
2002q1,2002,1,17,0
2002q2,2002,2,17,0
2002q3,2002,3,17,0
2002q4,2002,4,17,.028677434
2003q1,2003,1,17,.21978766
2003q2,2003,2,17,.26422957
2003q3,2003,3,17,0
2003q4,2003,4,17,.34523872
2004q1,2004,1,17,0
2004q2,2004,2,17,.089915939
2004q3,2004,3,17,0
2004q4,2004,4,17,0
2005q1,2005,1,17,0
2005q2,2005,2,17,0
2005q4,2005,4,17,0
2006q1,2006,1,17,0
2006q2,2006,2,17,.19973251
2006q3,2006,3,17,0
2006q4,2006,4,17,0
2007q1,2007,1,17,0
2007q2,2007,2,17,.46580538
2007q3,2007,3,17,0
2007q4,2007,4,17,.61849123
2008q1,2008,1,17,0
2008q2,2008,2,17,0
2008q3,2008,3,17,0
2008q4,2008,4,17,0
2009q1,2009,1,17,0
2009q2,2009,2,17,.016914036
2009q3,2009,3,17,.038470477
2009q4,2009,4,17,.023972256
2010q1,2010,1,17,.028759487
2010q2,2010,2,17,.07175605
2010q3,2010,3,17,.27647549
2010q4,2010,4,17,.017551677
2011q1,2011,1,17,.17567942
2011q2,2011,2,17,.063697696
2011q3,2011,3,17,.3178795
2011q4,2011,4,17,.051711515
2012q1,2012,1,17,.22410329
2012q2,2012,2,17,.15204316
2012q3,2012,3,17,.21307988
2012q4,2012,4,17,.057018343
2013q1,2013,1,17,0
2013q2,2013,2,17,.14991505
2013q3,2013,3,17,0
2013q4,2013,4,17,.1216682
2014q1,2014,1,17,0
2014q2,2014,2,17,0
2014q3,2014,3,17,0
2014q4,2014,4,17,.08156801
2015q1,2015,1,17,0
2015q2,2015,2,17,0
2015q3,2015,3,17,0
2015q4,2015,4,17,.24182494
2016q1,2016,1,17,0
2016q2,2016,2,17,0
2016q3,2016,3,17,0
2016q4,2016,4,17,.22959402
2017q1,2017,1,17,0
2017q2,2017,2,17,.072245009
2017q3,2017,3,17,0
2017q4,2017,4,17,.1825023
2018q1,2018,1,17,.19593748
2018q2,2018,2,17,0
2018q3,2018,3,17,.33783862
2018q4,2018,4,17,0
1995q4,1995,4,18,.11165791
1996q1,1996,1,18,.26816913
1996q2,1996,2,18,.090572819
1996q3,1996,3,18,.27437291
1996q4,1996,4,18,.17763381
1997q1,1997,1,18,.12398481
1997q2,1997,2,18,.20520264
1997q3,1997,3,18,.19303153
1997q4,1997,4,18,.084643096
1998q1,1998,1,18,.1642503
1998q2,1998,2,18,.27255088
1998q3,1998,3,18,.065343075
1998q4,1998,4,18,.12878945
1999q1,1999,1,18,.16525643
1999q2,1999,2,18,.15465249
1999q3,1999,3,18,.28077328
1999q4,1999,4,18,.18937238
2000q1,2000,1,18,.067259744
2000q2,2000,2,18,0
2000q3,2000,3,18,0
2000q4,2000,4,18,.093749799
2001q1,2001,1,18,.071912177
2001q2,2001,2,18,.2026446
2001q3,2001,3,18,.023954047
2001q4,2001,4,18,.204155
2002q1,2002,1,18,.3629424
2002q2,2002,2,18,.13984707
2002q3,2002,3,18,.096177831
2002q4,2002,4,18,.16010039
2003q1,2003,1,18,.17474824
2003q2,2003,2,18,.073868737
2003q3,2003,3,18,.15725061
2003q4,2003,4,18,.090243533
2004q1,2004,1,18,.087238103
2004q2,2004,2,18,.041168008
2004q3,2004,3,18,.14458247
2004q4,2004,4,18,.15945624
2005q1,2005,1,18,.085901916
2005q2,2005,2,18,.12498666
2005q3,2005,3,18,.21623522
2005q4,2005,4,18,.14349985
2006q1,2006,1,18,.21268933
2006q2,2006,2,18,.1030727
2006q3,2006,3,18,.083971098
2006q4,2006,4,18,.059252236
2007q1,2007,1,18,.035121888
2007q2,2007,2,18,.15437073
2007q3,2007,3,18,.081280179
2007q4,2007,4,18,.053087607
2008q1,2008,1,18,.041098196
2008q2,2008,2,18,.28657919
2008q3,2008,3,18,.0058701378
2008q4,2008,4,18,.10615781
2009q1,2009,1,18,.086015515
2009q2,2009,2,18,.065406948
2009q3,2009,3,18,.097664192
2009q4,2009,4,18,.1097903
2010q1,2010,1,18,.070376739
2010q2,2010,2,18,.098499529
2010q3,2010,3,18,.1552996
2010q4,2010,4,18,.12869799
2011q1,2011,1,18,.11647721
2011q2,2011,2,18,.10848535
2011q3,2011,3,18,.080569401
2011q4,2011,4,18,.099196203
2012q1,2012,1,18,.085879721
2012q2,2012,2,18,.10951232
2012q3,2012,3,18,.10613621
2012q4,2012,4,18,.097735032
2013q1,2013,1,18,.14082716
2013q2,2013,2,18,.073675074
2013q3,2013,3,18,.054621559
2013q4,2013,4,18,.080016494
2014q1,2014,1,18,.11101989
2014q2,2014,2,18,.10026074
2014q3,2014,3,18,.033999879
2014q4,2014,4,18,.056823593
2015q1,2015,1,18,.12192354
2015q2,2015,2,18,.13956746
2015q3,2015,3,18,.089101866
2015q4,2015,4,18,.22006944
2016q1,2016,1,18,.23313293
2016q2,2016,2,18,.17066263
2016q3,2016,3,18,.10402481
2016q4,2016,4,18,.12357627
2017q1,2017,1,18,.030614147
2017q2,2017,2,18,.080572605
2017q3,2017,3,18,.19360477
2017q4,2017,4,18,.26734433
2018q1,2018,1,18,.02949319
2018q2,2018,2,18,.048593208
2018q3,2018,3,18,.14956249
2018q4,2018,4,18,.012804509
1995q4,1995,4,19,0
1996q1,1996,1,19,0
1996q2,1996,2,19,.10005333
1996q3,1996,3,19,0
1996q4,1996,4,19,0
1997q1,1997,1,19,0
1997q2,1997,2,19,0
1997q3,1997,3,19,.46468201
1997q4,1997,4,19,.51650673
1998q1,1998,1,19,.29582405
1998q2,1998,2,19,.70822185
1998q3,1998,3,19,0
1999q1,1999,1,19,0
1999q2,1999,2,19,0
1999q3,1999,3,19,0
2000q1,2000,1,19,0
2000q2,2000,2,19,0
2000q3,2000,3,19,1.0643797
2000q4,2000,4,19,0
2001q1,2001,1,19,0
2001q2,2001,2,19,0
2001q3,2001,3,19,0
2001q4,2001,4,19,.30566344
2002q1,2002,1,19,0
2002q2,2002,2,19,.44842821
2002q3,2002,3,19,0
2002q4,2002,4,19,0
2003q1,2003,1,19,.064690374
2003q2,2003,2,19,0
2003q3,2003,3,19,.15160996
2003q4,2003,4,19,.22153401
2004q1,2004,1,19,.022429185
2004q2,2004,2,19,.15990569
2004q3,2004,3,19,.12425321
2004q4,2004,4,19,.093243159
2005q1,2005,1,19,.025781974
2005q2,2005,2,19,0
2005q3,2005,3,19,0
2005q4,2005,4,19,.081218638
2006q1,2006,1,19,.35287246
2006q2,2006,2,19,0
2006q3,2006,3,19,0
2006q4,2006,4,19,0
2007q1,2007,1,19,0
2007q2,2007,2,19,.14933023
2007q4,2007,4,19,0
2008q1,2008,1,19,.039498337
2008q2,2008,2,19,0
2008q3,2008,3,19,0
2008q4,2008,4,19,.20377563
2009q1,2009,1,19,.23067689
2009q2,2009,2,19,.032714698
2009q3,2009,3,19,0
2009q4,2009,4,19,0
2010q1,2010,1,19,.01015612
2010q2,2010,2,19,.04267256
2010q3,2010,3,19,.1320402
2010q4,2010,4,19,.29041472
2011q1,2011,1,19,.095633522
2011q2,2011,2,19,.064111456
2011q3,2011,3,19,.045194235
2011q4,2011,4,19,.068715163
2012q1,2012,1,19,.027242944
2012q2,2012,2,19,.01684271
2012q3,2012,3,19,.16052032
2012q4,2012,4,19,.20190538
2013q1,2013,1,19,.3717007
2013q2,2013,2,19,.029922241
2013q3,2013,3,19,.075417913
2013q4,2013,4,19,.11355428
2014q1,2014,1,19,.29582405
2014q2,2014,2,19,.65151453
2014q3,2014,3,19,0
2014q4,2014,4,19,.094685964
2015q1,2015,1,19,.037385408
2015q2,2015,2,19,.14286587
2015q3,2015,3,19,.32637325
2015q4,2015,4,19,0
2016q1,2016,1,19,.076050781
2016q2,2016,2,19,0
2016q3,2016,3,19,.40597281
2016q4,2016,4,19,0
2017q1,2017,1,19,0
2017q2,2017,2,19,.23505399
2017q3,2017,3,19,0
2017q4,2017,4,19,0
2018q1,2018,1,19,0
2018q2,2018,2,19,.10802849
2018q3,2018,3,19,0
2018q4,2018,4,19,.510607
1996q1,1996,1,20,0
1996q2,1996,2,20,.18567042
1996q3,1996,3,20,.13086613
1996q4,1996,4,20,0
1997q1,1997,1,20,.28582025
1997q2,1997,2,20,.059806604
1997q3,1997,3,20,.12888677
1997q4,1997,4,20,0
1998q1,1998,1,20,.20619705
1998q2,1998,2,20,0
1998q3,1998,3,20,0
1998q4,1998,4,20,.27625436
1999q1,1999,1,20,.69624007
1999q2,1999,2,20,0
1999q3,1999,3,20,1.232885
2000q1,2000,1,20,0
2000q3,2000,3,20,0
2000q4,2000,4,20,0
2001q1,2001,1,20,0
2001q4,2001,4,20,.39221448
2002q1,2002,1,20,.2722888
2002q2,2002,2,20,.27850562
2002q3,2002,3,20,0
2002q4,2002,4,20,0
2003q1,2003,1,20,.098221667
2003q2,2003,2,20,.46534926
2003q3,2003,3,20,.2490779
2003q4,2003,4,20,0
2004q1,2004,1,20,0
2004q2,2004,2,20,.27850562
2004q3,2004,3,20,.25024268
2004q4,2004,4,20,0
2005q1,2005,1,20,.57539719
2005q2,2005,2,20,.58206964
2005q3,2005,3,20,0
2005q4,2005,4,20,.34602848
2006q1,2006,1,20,0
2006q2,2006,2,20,0
2006q4,2006,4,20,0
2007q1,2007,1,20,0
2007q2,2007,2,20,.49590325
2007q3,2007,3,20,.52288818
2007q4,2007,4,20,0
2008q1,2008,1,20,0
2008q2,2008,2,20,0
2008q3,2008,3,20,0
2008q4,2008,4,20,.062800862
2009q1,2009,1,20,0
2009q2,2009,2,20,0
2009q3,2009,3,20,.10345054
2009q4,2009,4,20,.34227726
2010q1,2010,1,20,.008980535
2010q2,2010,2,20,.10088962
2010q3,2010,3,20,.2225343
2010q4,2010,4,20,.029502455
2011q1,2011,1,20,.02068592
2011q2,2011,2,20,.11753959
2011q3,2011,3,20,.12583758
2011q4,2011,4,20,.10044623
2012q1,2012,1,20,0
2012q2,2012,2,20,.018046731
2012q3,2012,3,20,.028416565
2012q4,2012,4,20,.073939331
2013q1,2013,1,20,.053216588
2013q2,2013,2,20,.050154071
2013q3,2013,3,20,.084985591
2013q4,2013,4,20,0
2014q1,2014,1,20,.52235359
2014q2,2014,2,20,.12756683
2014q3,2014,3,20,.074684538
2014q4,2014,4,20,0
2015q1,2015,1,20,0
2015q2,2015,2,20,.079293922
2015q3,2015,3,20,0
2015q4,2015,4,20,.21528345
2016q1,2016,1,20,.081239961
2016q2,2016,2,20,0
2016q3,2016,3,20,0
2016q4,2016,4,20,.18416958
2017q1,2017,1,20,0
2017q2,2017,2,20,0
2017q4,2017,4,20,0
2018q1,2018,1,20,0
2018q2,2018,2,20,0
2018q3,2018,3,20,0
2018q4,2018,4,20,0
1995q4,1995,4,21,0
1996q1,1996,1,21,0
1996q2,1996,2,21,0
1996q3,1996,3,21,0
1996q4,1996,4,21,.098324202
1997q1,1997,1,21,0
1997q2,1997,2,21,0
1997q3,1997,3,21,0
1997q4,1997,4,21,0
1998q2,1998,2,21,0
1998q3,1998,3,21,0
1998q4,1998,4,21,0
1999q1,1999,1,21,.8755703
1999q2,1999,2,21,0
1999q4,1999,4,21,0
2000q1,2000,1,21,0
2000q4,2000,4,21,.75181592
2001q3,2001,3,21,0
2001q4,2001,4,21,.20477232
2002q1,2002,1,21,0
2002q2,2002,2,21,0
2002q3,2002,3,21,0
2003q1,2003,1,21,0
2003q2,2003,2,21,.22226666
2003q3,2003,3,21,.099387079
2003q4,2003,4,21,.060265053
2004q1,2004,1,21,.11280504
2004q2,2004,2,21,0
2004q3,2004,3,21,0
2004q4,2004,4,21,0
2005q1,2005,1,21,0
2005q2,2005,2,21,0
2005q3,2005,3,21,.29996291
2005q4,2005,4,21,.082164161
2006q2,2006,2,21,.49447358
2006q4,2006,4,21,0
2007q1,2007,1,21,0
2007q2,2007,2,21,0
2007q3,2007,3,21,0
2007q4,2007,4,21,0
2008q2,2008,2,21,0
2008q3,2008,3,21,0
2008q4,2008,4,21,.20477232
2009q1,2009,1,21,0
2009q2,2009,2,21,0
2009q3,2009,3,21,.10344587
2009q4,2009,4,21,.21824874
2010q1,2010,1,21,.36954775
2010q2,2010,2,21,.06756831
2010q3,2010,3,21,.010413774
2010q4,2010,4,21,.022323092
2011q1,2011,1,21,0
2011q2,2011,2,21,.44143599
2011q3,2011,3,21,.86276877
2011q4,2011,4,21,.1366919
2012q1,2012,1,21,.39759621
2012q2,2012,2,21,.29111156
2012q3,2012,3,21,0
2012q4,2012,4,21,.26328656
2013q1,2013,1,21,.16815221
2013q2,2013,2,21,.27579036
2013q3,2013,3,21,.19997527
2013q4,2013,4,21,.085846804
2014q1,2014,1,21,0
2014q2,2014,2,21,.096398957
2014q3,2014,3,21,0
2014q4,2014,4,21,0
2015q1,2015,1,21,0
2015q2,2015,2,21,0
2015q3,2015,3,21,0
2015q4,2015,4,21,.40954465
2016q2,2016,2,21,0
2016q3,2016,3,21,0
2017q1,2017,1,21,0
2017q3,2017,3,21,0
2017q4,2017,4,21,0
2018q1,2018,1,21,0
2018q2,2018,2,21,0
2018q3,2018,3,21,0
2018q4,2018,4,21,.55661929
1995q4,1995,4,22,0
1996q1,1996,1,22,0
1996q2,1996,2,22,.1219066
1996q3,1996,3,22,.27471736
1997q2,1997,2,22,0
1997q3,1997,3,22,1.1370714
1997q4,1997,4,22,0
1998q2,1998,2,22,0
1999q3,1999,3,22,0
1999q4,1999,4,22,0
2000q1,2000,1,22,0
2000q3,2000,3,22,1.1370714
2000q4,2000,4,22,2.0125735
2002q4,2002,4,22,0
2003q1,2003,1,22,0
2003q2,2003,2,22,0
2003q3,2003,3,22,.14698878
2004q1,2004,1,22,0
2004q2,2004,2,22,0
2004q3,2004,3,22,0
2004q4,2004,4,22,0
2005q1,2005,1,22,0
2005q2,2005,2,22,.51128584
2005q3,2005,3,22,0
2005q4,2005,4,22,0
2006q2,2006,2,22,0
2006q3,2006,3,22,0
2007q1,2007,1,22,0
2007q2,2007,2,22,.71168905
2007q3,2007,3,22,.29397756
2007q4,2007,4,22,0
2008q1,2008,1,22,0
2008q2,2008,2,22,0
2008q4,2008,4,22,0
2009q1,2009,1,22,0
2009q2,2009,2,22,0
2009q3,2009,3,22,0
2009q4,2009,4,22,0
2010q1,2010,1,22,0
2010q2,2010,2,22,.095973529
2010q3,2010,3,22,.006919561
2010q4,2010,4,22,.40942368
2011q1,2011,1,22,.32156885
2011q2,2011,2,22,.072247058
2011q3,2011,3,22,.05697393
2011q4,2011,4,22,0
2012q1,2012,1,22,0
2012q2,2012,2,22,.042451236
2012q3,2012,3,22,.11814389
2012q4,2012,4,22,0
2013q1,2013,1,22,0
2013q2,2013,2,22,0
2013q3,2013,3,22,.052332431
2013q4,2013,4,22,0
2014q1,2014,1,22,0
2014q2,2014,2,22,0
2014q3,2014,3,22,0
2015q1,2015,1,22,.14510383
2015q2,2015,2,22,0
2015q3,2015,3,22,0
2016q4,2016,4,22,1.0719497
2017q1,2017,1,22,0
2017q4,2017,4,22,0
2018q1,2018,1,22,0
2018q2,2018,2,22,.37382585
1996q3,1996,3,23,0
1996q4,1996,4,23,0
1997q2,1997,2,23,0
1997q3,1997,3,23,0
1998q2,1998,2,23,0
2000q1,2000,1,23,1.5936313
2001q4,2001,4,23,0
2002q3,2002,3,23,0
2002q4,2002,4,23,0
2003q2,2003,2,23,.13545282
2003q3,2003,3,23,0
2003q4,2003,4,23,0
2004q1,2004,1,23,0
2004q2,2004,2,23,0
2004q3,2004,3,23,0
2004q4,2004,4,23,0
2005q1,2005,1,23,0
2005q2,2005,2,23,0
2005q4,2005,4,23,0
2006q1,2006,1,23,0
2006q2,2006,2,23,0
2006q4,2006,4,23,.69074202
2007q1,2007,1,23,0
2007q3,2007,3,23,0
2007q4,2007,4,23,0
2008q3,2008,3,23,1.9464762
2008q4,2008,4,23,0
2009q1,2009,1,23,.68703383
2009q2,2009,2,23,0
2009q3,2009,3,23,0
2009q4,2009,4,23,.0063754264
2010q1,2010,1,23,0
2010q2,2010,2,23,0
2010q3,2010,3,23,.083046123
2010q4,2010,4,23,.088078238
2011q1,2011,1,23,0
2011q2,2011,2,23,0
2011q3,2011,3,23,0
2011q4,2011,4,23,.026103223
2012q1,2012,1,23,0
2012q2,2012,2,23,0
2012q3,2012,3,23,0
2012q4,2012,4,23,0
2013q1,2013,1,23,0
2013q2,2013,2,23,.092862763
2013q3,2013,3,23,0
2013q4,2013,4,23,0
2014q1,2014,1,23,0
2014q2,2014,2,23,0
2014q3,2014,3,23,0
2015q1,2015,1,23,0
2015q2,2015,2,23,0
2015q4,2015,4,23,0
2016q3,2016,3,23,0
2016q4,2016,4,23,0
2018q2,2018,2,23,0
2018q3,2018,3,23,0
2018q4,2018,4,23,0
1995q4,1995,4,24,.1639888
1996q1,1996,1,24,.083662033
1996q2,1996,2,24,.094865926
1996q3,1996,3,24,.072853766
1996q4,1996,4,24,.12987798
1997q1,1997,1,24,.1529942
1997q2,1997,2,24,.13864693
1997q3,1997,3,24,.10435455
1997q4,1997,4,24,.11197195
1998q1,1998,1,24,.079990126
1998q2,1998,2,24,.20745428
1998q3,1998,3,24,.11935657
1998q4,1998,4,24,.076992139
1999q1,1999,1,24,.09657497
1999q2,1999,2,24,.068446323
1999q3,1999,3,24,.16741963
1999q4,1999,4,24,.15724741
2000q1,2000,1,24,.16182685
2000q2,2000,2,24,.19734563
2000q3,2000,3,24,.21625586
2000q4,2000,4,24,.17500217
2001q1,2001,1,24,.16416121
2001q2,2001,2,24,.088273376
2001q3,2001,3,24,.11889354
2001q4,2001,4,24,.17834723
2002q1,2002,1,24,.17182475
2002q2,2002,2,24,.10307457
2002q3,2002,3,24,.15821116
2002q4,2002,4,24,.13295062
2003q1,2003,1,24,.084675394
2003q2,2003,2,24,.10028506
2003q3,2003,3,24,.12127173
2003q4,2003,4,24,.12641026
2004q1,2004,1,24,.15443639
2004q2,2004,2,24,.17782916
2004q3,2004,3,24,.10870208
2004q4,2004,4,24,.11463749
2005q1,2005,1,24,.14723793
2005q2,2005,2,24,.10487788
2005q3,2005,3,24,.14060888
2005q4,2005,4,24,.12686308
2006q1,2006,1,24,.10396704
2006q2,2006,2,24,.12531403
2006q3,2006,3,24,.14051133
2006q4,2006,4,24,.13391614
2007q1,2007,1,24,.082065344
2007q2,2007,2,24,.10795891
2007q3,2007,3,24,.13189647
2007q4,2007,4,24,.11574814
2008q1,2008,1,24,.12954611
2008q2,2008,2,24,.13817476
2008q3,2008,3,24,.15039469
2008q4,2008,4,24,.093957141
2009q1,2009,1,24,.12452219
2009q2,2009,2,24,.081690088
2009q3,2009,3,24,.093730144
2009q4,2009,4,24,.084680267
2010q1,2010,1,24,.091975838
2010q2,2010,2,24,.091382787
2010q3,2010,3,24,.094636321
2010q4,2010,4,24,.082919076
2011q1,2011,1,24,.082477197
2011q2,2011,2,24,.11341553
2011q3,2011,3,24,.085978284
2011q4,2011,4,24,.10019284
2012q1,2012,1,24,.114897
2012q2,2012,2,24,.082960829
2012q3,2012,3,24,.087211207
2012q4,2012,4,24,.094932996
2013q1,2013,1,24,.089004487
2013q2,2013,2,24,.098728634
2013q3,2013,3,24,.10752448
2013q4,2013,4,24,.091989405
2014q1,2014,1,24,.095935613
2014q2,2014,2,24,.11890353
2014q3,2014,3,24,.11968236
2014q4,2014,4,24,.12508297
2015q1,2015,1,24,.10498996
2015q2,2015,2,24,.14040115
2015q3,2015,3,24,.13108079
2015q4,2015,4,24,.068908796
2016q1,2016,1,24,.15348524
2016q2,2016,2,24,.1211796
2016q3,2016,3,24,.10050381
2016q4,2016,4,24,.15021321
2017q1,2017,1,24,.12994304
2017q2,2017,2,24,.080705822
2017q3,2017,3,24,.078220084
2017q4,2017,4,24,.095571071
2018q1,2018,1,24,.15417111
2018q2,2018,2,24,.14344431
2018q3,2018,3,24,.092907377
2018q4,2018,4,24,.13157454
